,down,yard,position,percent_run,aggression,epa
0,1.0,2.0,10.0,0.25,0.0,0.28
1,1.0,2.0,10.0,0.25,1.0,0.55
2,1.0,2.0,10.0,0.25,2.0,-0.14
3,1.0,2.0,10.0,0.5,0.0,0.42
4,1.0,2.0,10.0,0.5,1.0,0.49
5,1.0,2.0,10.0,0.5,2.0,0.66
6,1.0,2.0,10.0,0.75,0.0,0.45
7,1.0,2.0,10.0,0.75,1.0,-0.03
8,1.0,2.0,10.0,0.75,2.0,1.12
9,1.0,2.0,20.0,0.25,0.0,0.55
10,1.0,2.0,20.0,0.25,1.0,1.62
11,1.0,2.0,20.0,0.25,2.0,1.75
12,1.0,2.0,20.0,0.5,0.0,1.18
13,1.0,2.0,20.0,0.5,1.0,1.03
14,1.0,2.0,20.0,0.5,2.0,0.7
15,1.0,2.0,20.0,0.75,0.0,0.73
16,1.0,2.0,20.0,0.75,1.0,0.76
17,1.0,2.0,20.0,0.75,2.0,1.03
18,1.0,2.0,30.0,0.25,0.0,1.65
19,1.0,2.0,30.0,0.25,1.0,1.35
20,1.0,2.0,30.0,0.25,2.0,1.91
21,1.0,2.0,30.0,0.5,0.0,2.36
22,1.0,2.0,30.0,0.5,1.0,1.28
23,1.0,2.0,30.0,0.5,2.0,1.68
24,1.0,2.0,30.0,0.75,0.0,1.38
25,1.0,2.0,30.0,0.75,1.0,1.99
26,1.0,2.0,30.0,0.75,2.0,1.3
27,1.0,2.0,40.0,0.25,0.0,2.26
28,1.0,2.0,40.0,0.25,1.0,1.26
29,1.0,2.0,40.0,0.25,2.0,1.44
30,1.0,2.0,40.0,0.5,0.0,2.44
31,1.0,2.0,40.0,0.5,1.0,3.43
32,1.0,2.0,40.0,0.5,2.0,0.88
33,1.0,2.0,40.0,0.75,0.0,3.01
34,1.0,2.0,40.0,0.75,1.0,2.54
35,1.0,2.0,40.0,0.75,2.0,2.33
36,1.0,2.0,50.0,0.25,0.0,3.18
37,1.0,2.0,50.0,0.25,1.0,2.25
38,1.0,2.0,50.0,0.25,2.0,2.89
39,1.0,2.0,50.0,0.5,0.0,3.44
40,1.0,2.0,50.0,0.5,1.0,3.83
41,1.0,2.0,50.0,0.5,2.0,2.01
42,1.0,2.0,50.0,0.75,0.0,2.76
43,1.0,2.0,50.0,0.75,1.0,3.28
44,1.0,2.0,50.0,0.75,2.0,3.22
45,1.0,2.0,60.0,0.25,0.0,4.02
46,1.0,2.0,60.0,0.25,1.0,4.91
47,1.0,2.0,60.0,0.25,2.0,3.86
48,1.0,2.0,60.0,0.5,0.0,4.56
49,1.0,2.0,60.0,0.5,1.0,3.16
50,1.0,2.0,60.0,0.5,2.0,3.63
51,1.0,2.0,60.0,0.75,0.0,3.47
52,1.0,2.0,60.0,0.75,1.0,3.51
53,1.0,2.0,60.0,0.75,2.0,3.03
54,1.0,2.0,70.0,0.25,0.0,3.68
55,1.0,2.0,70.0,0.25,1.0,4.72
56,1.0,2.0,70.0,0.25,2.0,3.5
57,1.0,2.0,70.0,0.5,0.0,5.29
58,1.0,2.0,70.0,0.5,1.0,4.76
59,1.0,2.0,70.0,0.5,2.0,4.2
60,1.0,2.0,70.0,0.75,0.0,4.51
61,1.0,2.0,70.0,0.75,1.0,4.39
62,1.0,2.0,70.0,0.75,2.0,4.15
63,1.0,2.0,80.0,0.25,0.0,5.61
64,1.0,2.0,80.0,0.25,1.0,5.76
65,1.0,2.0,80.0,0.25,2.0,4.57
66,1.0,2.0,80.0,0.5,0.0,5.16
67,1.0,2.0,80.0,0.5,1.0,4.58
68,1.0,2.0,80.0,0.5,2.0,4.71
69,1.0,2.0,80.0,0.75,0.0,4.99
70,1.0,2.0,80.0,0.75,1.0,5.85
71,1.0,2.0,80.0,0.75,2.0,4.75
72,1.0,2.0,90.0,0.25,0.0,5.91
73,1.0,2.0,90.0,0.25,1.0,6.15
74,1.0,2.0,90.0,0.25,2.0,6.39
75,1.0,2.0,90.0,0.5,0.0,5.88
76,1.0,2.0,90.0,0.5,1.0,5.63
77,1.0,2.0,90.0,0.5,2.0,5.69
78,1.0,2.0,90.0,0.75,0.0,6.18
79,1.0,2.0,90.0,0.75,1.0,6.26
80,1.0,2.0,90.0,0.75,2.0,6.06
81,1.0,5.0,10.0,0.25,0.0,1.01
82,1.0,5.0,10.0,0.25,1.0,-0.02
83,1.0,5.0,10.0,0.25,2.0,0.44
84,1.0,5.0,10.0,0.5,0.0,0.02
85,1.0,5.0,10.0,0.5,1.0,1.11
86,1.0,5.0,10.0,0.5,2.0,1.14
87,1.0,5.0,10.0,0.75,0.0,-0.63
88,1.0,5.0,10.0,0.75,1.0,0.77
89,1.0,5.0,10.0,0.75,2.0,-0.12
90,1.0,5.0,20.0,0.25,0.0,1.1
91,1.0,5.0,20.0,0.25,1.0,1.13
92,1.0,5.0,20.0,0.25,2.0,1.91
93,1.0,5.0,20.0,0.5,0.0,0.5
94,1.0,5.0,20.0,0.5,1.0,0.51
95,1.0,5.0,20.0,0.5,2.0,0.79
96,1.0,5.0,20.0,0.75,0.0,1.52
97,1.0,5.0,20.0,0.75,1.0,0.78
98,1.0,5.0,20.0,0.75,2.0,-0.37
99,1.0,5.0,30.0,0.25,0.0,1.75
100,1.0,5.0,30.0,0.25,1.0,2.44
101,1.0,5.0,30.0,0.25,2.0,2.25
102,1.0,5.0,30.0,0.5,0.0,1.02
103,1.0,5.0,30.0,0.5,1.0,1.37
104,1.0,5.0,30.0,0.5,2.0,0.37
105,1.0,5.0,30.0,0.75,0.0,1.53
106,1.0,5.0,30.0,0.75,1.0,1.74
107,1.0,5.0,30.0,0.75,2.0,2.33
108,1.0,5.0,40.0,0.25,0.0,2.67
109,1.0,5.0,40.0,0.25,1.0,3.06
110,1.0,5.0,40.0,0.25,2.0,2.57
111,1.0,5.0,40.0,0.5,0.0,2.43
112,1.0,5.0,40.0,0.5,1.0,2.07
113,1.0,5.0,40.0,0.5,2.0,2.28
114,1.0,5.0,40.0,0.75,0.0,0.83
115,1.0,5.0,40.0,0.75,1.0,2.99
116,1.0,5.0,40.0,0.75,2.0,1.07
117,1.0,5.0,50.0,0.25,0.0,2.49
118,1.0,5.0,50.0,0.25,1.0,2.81
119,1.0,5.0,50.0,0.25,2.0,1.91
120,1.0,5.0,50.0,0.5,0.0,2.5
121,1.0,5.0,50.0,0.5,1.0,2.92
122,1.0,5.0,50.0,0.5,2.0,3.36
123,1.0,5.0,50.0,0.75,0.0,3.2
124,1.0,5.0,50.0,0.75,1.0,3.05
125,1.0,5.0,50.0,0.75,2.0,3.26
126,1.0,5.0,60.0,0.25,0.0,4.49
127,1.0,5.0,60.0,0.25,1.0,4.32
128,1.0,5.0,60.0,0.25,2.0,2.98
129,1.0,5.0,60.0,0.5,0.0,4.09
130,1.0,5.0,60.0,0.5,1.0,3.76
131,1.0,5.0,60.0,0.5,2.0,4.1
132,1.0,5.0,60.0,0.75,0.0,3.44
133,1.0,5.0,60.0,0.75,1.0,4.09
134,1.0,5.0,60.0,0.75,2.0,3.82
135,1.0,5.0,70.0,0.25,0.0,4.24
136,1.0,5.0,70.0,0.25,1.0,4.52
137,1.0,5.0,70.0,0.25,2.0,3.31
138,1.0,5.0,70.0,0.5,0.0,4.7
139,1.0,5.0,70.0,0.5,1.0,4.04
140,1.0,5.0,70.0,0.5,2.0,4.62
141,1.0,5.0,70.0,0.75,0.0,4.24
142,1.0,5.0,70.0,0.75,1.0,3.96
143,1.0,5.0,70.0,0.75,2.0,4.1
144,1.0,5.0,80.0,0.25,0.0,4.92
145,1.0,5.0,80.0,0.25,1.0,5.43
146,1.0,5.0,80.0,0.25,2.0,4.52
147,1.0,5.0,80.0,0.5,0.0,5.72
148,1.0,5.0,80.0,0.5,1.0,5.3
149,1.0,5.0,80.0,0.5,2.0,5.36
150,1.0,5.0,80.0,0.75,0.0,5.39
151,1.0,5.0,80.0,0.75,1.0,5.53
152,1.0,5.0,80.0,0.75,2.0,5.22
153,1.0,5.0,90.0,0.25,0.0,5.88
154,1.0,5.0,90.0,0.25,1.0,6.64
155,1.0,5.0,90.0,0.25,2.0,5.09
156,1.0,5.0,90.0,0.5,0.0,5.76
157,1.0,5.0,90.0,0.5,1.0,5.92
158,1.0,5.0,90.0,0.5,2.0,4.8
159,1.0,5.0,90.0,0.75,0.0,5.96
160,1.0,5.0,90.0,0.75,1.0,5.77
161,1.0,5.0,90.0,0.75,2.0,5.13
162,1.0,10.0,10.0,0.25,0.0,-0.29
163,1.0,10.0,10.0,0.25,1.0,0.18
164,1.0,10.0,10.0,0.25,2.0,-0.08
165,1.0,10.0,10.0,0.5,0.0,1.0
166,1.0,10.0,10.0,0.5,1.0,0.15
167,1.0,10.0,10.0,0.5,2.0,0.54
168,1.0,10.0,10.0,0.75,0.0,1.0
169,1.0,10.0,10.0,0.75,1.0,1.09
170,1.0,10.0,10.0,0.75,2.0,0.53
171,1.0,10.0,20.0,0.25,0.0,1.02
172,1.0,10.0,20.0,0.25,1.0,0.7
173,1.0,10.0,20.0,0.25,2.0,0.7
174,1.0,10.0,20.0,0.5,0.0,1.01
175,1.0,10.0,20.0,0.5,1.0,0.63
176,1.0,10.0,20.0,0.5,2.0,0.99
177,1.0,10.0,20.0,0.75,0.0,1.28
178,1.0,10.0,20.0,0.75,1.0,0.96
179,1.0,10.0,20.0,0.75,2.0,1.12
180,1.0,10.0,30.0,0.25,0.0,2.31
181,1.0,10.0,30.0,0.25,1.0,1.44
182,1.0,10.0,30.0,0.25,2.0,1.12
183,1.0,10.0,30.0,0.5,0.0,1.31
184,1.0,10.0,30.0,0.5,1.0,1.36
185,1.0,10.0,30.0,0.5,2.0,1.63
186,1.0,10.0,30.0,0.75,0.0,0.53
187,1.0,10.0,30.0,0.75,1.0,1.75
188,1.0,10.0,30.0,0.75,2.0,1.77
189,1.0,10.0,40.0,0.25,0.0,1.89
190,1.0,10.0,40.0,0.25,1.0,1.05
191,1.0,10.0,40.0,0.25,2.0,1.82
192,1.0,10.0,40.0,0.5,0.0,2.16
193,1.0,10.0,40.0,0.5,1.0,2.11
194,1.0,10.0,40.0,0.5,2.0,2.05
195,1.0,10.0,40.0,0.75,0.0,2.35
196,1.0,10.0,40.0,0.75,1.0,2.83
197,1.0,10.0,40.0,0.75,2.0,2.38
198,1.0,10.0,50.0,0.25,0.0,4.14
199,1.0,10.0,50.0,0.25,1.0,2.94
200,1.0,10.0,50.0,0.25,2.0,2.7
201,1.0,10.0,50.0,0.5,0.0,2.69
202,1.0,10.0,50.0,0.5,1.0,3.33
203,1.0,10.0,50.0,0.5,2.0,2.23
204,1.0,10.0,50.0,0.75,0.0,2.49
205,1.0,10.0,50.0,0.75,1.0,2.28
206,1.0,10.0,50.0,0.75,2.0,2.52
207,1.0,10.0,60.0,0.25,0.0,4.12
208,1.0,10.0,60.0,0.25,1.0,2.56
209,1.0,10.0,60.0,0.25,2.0,2.94
210,1.0,10.0,60.0,0.5,0.0,3.15
211,1.0,10.0,60.0,0.5,1.0,3.2
212,1.0,10.0,60.0,0.5,2.0,3.91
213,1.0,10.0,60.0,0.75,0.0,4.07
214,1.0,10.0,60.0,0.75,1.0,3.86
215,1.0,10.0,60.0,0.75,2.0,3.45
216,1.0,10.0,70.0,0.25,0.0,4.75
217,1.0,10.0,70.0,0.25,1.0,4.65
218,1.0,10.0,70.0,0.25,2.0,4.1
219,1.0,10.0,70.0,0.5,0.0,5.15
220,1.0,10.0,70.0,0.5,1.0,4.37
221,1.0,10.0,70.0,0.5,2.0,4.06
222,1.0,10.0,70.0,0.75,0.0,4.33
223,1.0,10.0,70.0,0.75,1.0,4.8
224,1.0,10.0,70.0,0.75,2.0,4.48
225,1.0,10.0,80.0,0.25,0.0,5.55
226,1.0,10.0,80.0,0.25,1.0,5.36
227,1.0,10.0,80.0,0.25,2.0,4.43
228,1.0,10.0,80.0,0.5,0.0,5.44
229,1.0,10.0,80.0,0.5,1.0,5.68
230,1.0,10.0,80.0,0.5,2.0,5.08
231,1.0,10.0,80.0,0.75,0.0,5.6
232,1.0,10.0,80.0,0.75,1.0,4.36
233,1.0,10.0,80.0,0.75,2.0,5.13
234,1.0,10.0,90.0,0.25,0.0,5.64
235,1.0,10.0,90.0,0.25,1.0,5.84
236,1.0,10.0,90.0,0.25,2.0,5.41
237,1.0,10.0,90.0,0.5,0.0,5.94
238,1.0,10.0,90.0,0.5,1.0,5.55
239,1.0,10.0,90.0,0.5,2.0,5.5
240,1.0,10.0,90.0,0.75,0.0,5.72
241,1.0,10.0,90.0,0.75,1.0,5.8
242,1.0,10.0,90.0,0.75,2.0,6.25
243,2.0,2.0,10.0,0.25,0.0,0.7
244,2.0,2.0,10.0,0.25,1.0,0.75
245,2.0,2.0,10.0,0.25,2.0,-0.13
246,2.0,2.0,10.0,0.5,0.0,-0.23
247,2.0,2.0,10.0,0.5,1.0,0.9
248,2.0,2.0,10.0,0.5,2.0,0.72
249,2.0,2.0,10.0,0.75,0.0,0.32
250,2.0,2.0,10.0,0.75,1.0,-0.46
251,2.0,2.0,10.0,0.75,2.0,0.73
252,2.0,2.0,20.0,0.25,0.0,1.32
253,2.0,2.0,20.0,0.25,1.0,0.49
254,2.0,2.0,20.0,0.25,2.0,-0.56
255,2.0,2.0,20.0,0.5,0.0,-0.06
256,2.0,2.0,20.0,0.5,1.0,1.45
257,2.0,2.0,20.0,0.5,2.0,1.54
258,2.0,2.0,20.0,0.75,0.0,0.35
259,2.0,2.0,20.0,0.75,1.0,1.07
260,2.0,2.0,20.0,0.75,2.0,2.29
261,2.0,2.0,30.0,0.25,0.0,2.0
262,2.0,2.0,30.0,0.25,1.0,0.75
263,2.0,2.0,30.0,0.25,2.0,0.75
264,2.0,2.0,30.0,0.5,0.0,0.26
265,2.0,2.0,30.0,0.5,1.0,1.78
266,2.0,2.0,30.0,0.5,2.0,2.38
267,2.0,2.0,30.0,0.75,0.0,2.34
268,2.0,2.0,30.0,0.75,1.0,1.79
269,2.0,2.0,30.0,0.75,2.0,0.74
270,2.0,2.0,40.0,0.25,0.0,2.59
271,2.0,2.0,40.0,0.25,1.0,2.72
272,2.0,2.0,40.0,0.25,2.0,2.29
273,2.0,2.0,40.0,0.5,0.0,2.6
274,2.0,2.0,40.0,0.5,1.0,1.65
275,2.0,2.0,40.0,0.5,2.0,1.54
276,2.0,2.0,40.0,0.75,0.0,2.5
277,2.0,2.0,40.0,0.75,1.0,2.46
278,2.0,2.0,40.0,0.75,2.0,1.91
279,2.0,2.0,50.0,0.25,0.0,2.98
280,2.0,2.0,50.0,0.25,1.0,2.57
281,2.0,2.0,50.0,0.25,2.0,3.45
282,2.0,2.0,50.0,0.5,0.0,3.01
283,2.0,2.0,50.0,0.5,1.0,3.47
284,2.0,2.0,50.0,0.5,2.0,2.75
285,2.0,2.0,50.0,0.75,0.0,3.12
286,2.0,2.0,50.0,0.75,1.0,1.75
287,2.0,2.0,50.0,0.75,2.0,2.89
288,2.0,2.0,60.0,0.25,0.0,3.87
289,2.0,2.0,60.0,0.25,1.0,4.36
290,2.0,2.0,60.0,0.25,2.0,3.49
291,2.0,2.0,60.0,0.5,0.0,3.88
292,2.0,2.0,60.0,0.5,1.0,3.18
293,2.0,2.0,60.0,0.5,2.0,3.17
294,2.0,2.0,60.0,0.75,0.0,4.06
295,2.0,2.0,60.0,0.75,1.0,3.59
296,2.0,2.0,60.0,0.75,2.0,3.64
297,2.0,2.0,70.0,0.25,0.0,4.77
298,2.0,2.0,70.0,0.25,1.0,3.99
299,2.0,2.0,70.0,0.25,2.0,4.15
300,2.0,2.0,70.0,0.5,0.0,3.72
301,2.0,2.0,70.0,0.5,1.0,4.52
302,2.0,2.0,70.0,0.5,2.0,3.36
303,2.0,2.0,70.0,0.75,0.0,4.44
304,2.0,2.0,70.0,0.75,1.0,4.96
305,2.0,2.0,70.0,0.75,2.0,3.49
306,2.0,2.0,80.0,0.25,0.0,5.74
307,2.0,2.0,80.0,0.25,1.0,5.08
308,2.0,2.0,80.0,0.25,2.0,5.18
309,2.0,2.0,80.0,0.5,0.0,5.11
310,2.0,2.0,80.0,0.5,1.0,4.97
311,2.0,2.0,80.0,0.5,2.0,4.0
312,2.0,2.0,80.0,0.75,0.0,5.76
313,2.0,2.0,80.0,0.75,1.0,5.91
314,2.0,2.0,80.0,0.75,2.0,4.76
315,2.0,2.0,90.0,0.25,0.0,6.24
316,2.0,2.0,90.0,0.25,1.0,5.99
317,2.0,2.0,90.0,0.25,2.0,6.02
318,2.0,2.0,90.0,0.5,0.0,6.22
319,2.0,2.0,90.0,0.5,1.0,6.24
320,2.0,2.0,90.0,0.5,2.0,6.29
321,2.0,2.0,90.0,0.75,0.0,6.14
322,2.0,2.0,90.0,0.75,1.0,6.18
323,2.0,2.0,90.0,0.75,2.0,5.6
324,2.0,5.0,10.0,0.25,0.0,-1.61
325,2.0,5.0,10.0,0.25,1.0,0.04
326,2.0,5.0,10.0,0.25,2.0,-0.07
327,2.0,5.0,10.0,0.5,0.0,-0.62
328,2.0,5.0,10.0,0.5,1.0,0.3
329,2.0,5.0,10.0,0.5,2.0,1.06
330,2.0,5.0,10.0,0.75,0.0,-0.36
331,2.0,5.0,10.0,0.75,1.0,-1.07
332,2.0,5.0,10.0,0.75,2.0,-1.21
333,2.0,5.0,20.0,0.25,0.0,0.83
334,2.0,5.0,20.0,0.25,1.0,0.59
335,2.0,5.0,20.0,0.25,2.0,0.38
336,2.0,5.0,20.0,0.5,0.0,0.49
337,2.0,5.0,20.0,0.5,1.0,0.01
338,2.0,5.0,20.0,0.5,2.0,0.05
339,2.0,5.0,20.0,0.75,0.0,0.55
340,2.0,5.0,20.0,0.75,1.0,1.39
341,2.0,5.0,20.0,0.75,2.0,1.58
342,2.0,5.0,30.0,0.25,0.0,1.45
343,2.0,5.0,30.0,0.25,1.0,1.05
344,2.0,5.0,30.0,0.25,2.0,2.15
345,2.0,5.0,30.0,0.5,0.0,0.45
346,2.0,5.0,30.0,0.5,1.0,0.63
347,2.0,5.0,30.0,0.5,2.0,0.74
348,2.0,5.0,30.0,0.75,0.0,1.37
349,2.0,5.0,30.0,0.75,1.0,1.4
350,2.0,5.0,30.0,0.75,2.0,0.8
351,2.0,5.0,40.0,0.25,0.0,2.91
352,2.0,5.0,40.0,0.25,1.0,2.97
353,2.0,5.0,40.0,0.25,2.0,2.14
354,2.0,5.0,40.0,0.5,0.0,1.14
355,2.0,5.0,40.0,0.5,1.0,2.92
356,2.0,5.0,40.0,0.5,2.0,2.43
357,2.0,5.0,40.0,0.75,0.0,0.8
358,2.0,5.0,40.0,0.75,1.0,1.42
359,2.0,5.0,40.0,0.75,2.0,2.56
360,2.0,5.0,50.0,0.25,0.0,2.6
361,2.0,5.0,50.0,0.25,1.0,3.21
362,2.0,5.0,50.0,0.25,2.0,1.77
363,2.0,5.0,50.0,0.5,0.0,2.08
364,2.0,5.0,50.0,0.5,1.0,3.1
365,2.0,5.0,50.0,0.5,2.0,2.62
366,2.0,5.0,50.0,0.75,0.0,3.11
367,2.0,5.0,50.0,0.75,1.0,2.46
368,2.0,5.0,50.0,0.75,2.0,2.42
369,2.0,5.0,60.0,0.25,0.0,3.75
370,2.0,5.0,60.0,0.25,1.0,3.33
371,2.0,5.0,60.0,0.25,2.0,4.62
372,2.0,5.0,60.0,0.5,0.0,3.49
373,2.0,5.0,60.0,0.5,1.0,3.42
374,2.0,5.0,60.0,0.5,2.0,2.89
375,2.0,5.0,60.0,0.75,0.0,3.28
376,2.0,5.0,60.0,0.75,1.0,3.28
377,2.0,5.0,60.0,0.75,2.0,3.08
378,2.0,5.0,70.0,0.25,0.0,3.72
379,2.0,5.0,70.0,0.25,1.0,3.6
380,2.0,5.0,70.0,0.25,2.0,4.1
381,2.0,5.0,70.0,0.5,0.0,4.38
382,2.0,5.0,70.0,0.5,1.0,3.66
383,2.0,5.0,70.0,0.5,2.0,3.63
384,2.0,5.0,70.0,0.75,0.0,3.63
385,2.0,5.0,70.0,0.75,1.0,3.47
386,2.0,5.0,70.0,0.75,2.0,3.31
387,2.0,5.0,80.0,0.25,0.0,5.0
388,2.0,5.0,80.0,0.25,1.0,4.94
389,2.0,5.0,80.0,0.25,2.0,4.15
390,2.0,5.0,80.0,0.5,0.0,5.46
391,2.0,5.0,80.0,0.5,1.0,4.65
392,2.0,5.0,80.0,0.5,2.0,4.37
393,2.0,5.0,80.0,0.75,0.0,4.8
394,2.0,5.0,80.0,0.75,1.0,5.71
395,2.0,5.0,80.0,0.75,2.0,5.08
396,2.0,5.0,90.0,0.25,0.0,5.52
397,2.0,5.0,90.0,0.25,1.0,5.76
398,2.0,5.0,90.0,0.25,2.0,5.27
399,2.0,5.0,90.0,0.5,0.0,5.54
400,2.0,5.0,90.0,0.5,1.0,5.64
401,2.0,5.0,90.0,0.5,2.0,5.73
402,2.0,5.0,90.0,0.75,0.0,5.54
403,2.0,5.0,90.0,0.75,1.0,5.82
404,2.0,5.0,90.0,0.75,2.0,5.13
405,2.0,10.0,10.0,0.25,0.0,-0.46
406,2.0,10.0,10.0,0.25,1.0,-0.51
407,2.0,10.0,10.0,0.25,2.0,0.15
408,2.0,10.0,10.0,0.5,0.0,-0.72
409,2.0,10.0,10.0,0.5,1.0,-0.45
410,2.0,10.0,10.0,0.5,2.0,-0.26
411,2.0,10.0,10.0,0.75,0.0,-1.21
412,2.0,10.0,10.0,0.75,1.0,-1.04
413,2.0,10.0,10.0,0.75,2.0,-0.91
414,2.0,10.0,20.0,0.25,0.0,0.86
415,2.0,10.0,20.0,0.25,1.0,-0.95
416,2.0,10.0,20.0,0.25,2.0,0.7
417,2.0,10.0,20.0,0.5,0.0,-0.14
418,2.0,10.0,20.0,0.5,1.0,1.16
419,2.0,10.0,20.0,0.5,2.0,-0.47
420,2.0,10.0,20.0,0.75,0.0,0.57
421,2.0,10.0,20.0,0.75,1.0,0.16
422,2.0,10.0,20.0,0.75,2.0,-0.52
423,2.0,10.0,30.0,0.25,0.0,0.71
424,2.0,10.0,30.0,0.25,1.0,0.79
425,2.0,10.0,30.0,0.25,2.0,1.02
426,2.0,10.0,30.0,0.5,0.0,1.06
427,2.0,10.0,30.0,0.5,1.0,0.97
428,2.0,10.0,30.0,0.5,2.0,0.14
429,2.0,10.0,30.0,0.75,0.0,0.74
430,2.0,10.0,30.0,0.75,1.0,1.32
431,2.0,10.0,30.0,0.75,2.0,1.49
432,2.0,10.0,40.0,0.25,0.0,1.07
433,2.0,10.0,40.0,0.25,1.0,1.55
434,2.0,10.0,40.0,0.25,2.0,1.45
435,2.0,10.0,40.0,0.5,0.0,1.82
436,2.0,10.0,40.0,0.5,1.0,2.8
437,2.0,10.0,40.0,0.5,2.0,0.84
438,2.0,10.0,40.0,0.75,0.0,0.96
439,2.0,10.0,40.0,0.75,1.0,1.68
440,2.0,10.0,40.0,0.75,2.0,2.15
441,2.0,10.0,50.0,0.25,0.0,2.76
442,2.0,10.0,50.0,0.25,1.0,2.43
443,2.0,10.0,50.0,0.25,2.0,1.96
444,2.0,10.0,50.0,0.5,0.0,2.35
445,2.0,10.0,50.0,0.5,1.0,3.42
446,2.0,10.0,50.0,0.5,2.0,1.35
447,2.0,10.0,50.0,0.75,0.0,2.8
448,2.0,10.0,50.0,0.75,1.0,0.98
449,2.0,10.0,50.0,0.75,2.0,1.16
450,2.0,10.0,60.0,0.25,0.0,1.96
451,2.0,10.0,60.0,0.25,1.0,3.46
452,2.0,10.0,60.0,0.25,2.0,3.17
453,2.0,10.0,60.0,0.5,0.0,2.02
454,2.0,10.0,60.0,0.5,1.0,2.0
455,2.0,10.0,60.0,0.5,2.0,2.94
456,2.0,10.0,60.0,0.75,0.0,2.15
457,2.0,10.0,60.0,0.75,1.0,1.67
458,2.0,10.0,60.0,0.75,2.0,2.47
459,2.0,10.0,70.0,0.25,0.0,3.83
460,2.0,10.0,70.0,0.25,1.0,3.49
461,2.0,10.0,70.0,0.25,2.0,3.59
462,2.0,10.0,70.0,0.5,0.0,3.45
463,2.0,10.0,70.0,0.5,1.0,3.67
464,2.0,10.0,70.0,0.5,2.0,2.7
465,2.0,10.0,70.0,0.75,0.0,4.06
466,2.0,10.0,70.0,0.75,1.0,3.66
467,2.0,10.0,70.0,0.75,2.0,4.01
468,2.0,10.0,80.0,0.25,0.0,4.21
469,2.0,10.0,80.0,0.25,1.0,4.23
470,2.0,10.0,80.0,0.25,2.0,4.66
471,2.0,10.0,80.0,0.5,0.0,4.92
472,2.0,10.0,80.0,0.5,1.0,5.15
473,2.0,10.0,80.0,0.5,2.0,2.52
474,2.0,10.0,80.0,0.75,0.0,4.55
475,2.0,10.0,80.0,0.75,1.0,4.69
476,2.0,10.0,80.0,0.75,2.0,3.73
477,2.0,10.0,90.0,0.25,0.0,4.99
478,2.0,10.0,90.0,0.25,1.0,5.41
479,2.0,10.0,90.0,0.25,2.0,4.06
480,2.0,10.0,90.0,0.5,0.0,5.36
481,2.0,10.0,90.0,0.5,1.0,5.27
482,2.0,10.0,90.0,0.5,2.0,4.93
483,2.0,10.0,90.0,0.75,0.0,5.24
484,2.0,10.0,90.0,0.75,1.0,4.84
485,2.0,10.0,90.0,0.75,2.0,4.25
486,3.0,2.0,10.0,0.25,0.0,-0.09
487,3.0,2.0,10.0,0.25,1.0,-0.26
488,3.0,2.0,10.0,0.25,2.0,-0.78
489,3.0,2.0,10.0,0.5,0.0,-0.66
490,3.0,2.0,10.0,0.5,1.0,-1.7
491,3.0,2.0,10.0,0.5,2.0,0.56
492,3.0,2.0,10.0,0.75,0.0,-1.1
493,3.0,2.0,10.0,0.75,1.0,-1.59
494,3.0,2.0,10.0,0.75,2.0,0.29
495,3.0,2.0,20.0,0.25,0.0,-0.42
496,3.0,2.0,20.0,0.25,1.0,-0.16
497,3.0,2.0,20.0,0.25,2.0,0.66
498,3.0,2.0,20.0,0.5,0.0,0.15
499,3.0,2.0,20.0,0.5,1.0,0.01
500,3.0,2.0,20.0,0.5,2.0,-0.46
501,3.0,2.0,20.0,0.75,0.0,1.46
502,3.0,2.0,20.0,0.75,1.0,-0.53
503,3.0,2.0,20.0,0.75,2.0,0.7
504,3.0,2.0,30.0,0.25,0.0,-0.09
505,3.0,2.0,30.0,0.25,1.0,0.64
506,3.0,2.0,30.0,0.25,2.0,0.7
507,3.0,2.0,30.0,0.5,0.0,0.67
508,3.0,2.0,30.0,0.5,1.0,0.71
509,3.0,2.0,30.0,0.5,2.0,0.56
510,3.0,2.0,30.0,0.75,0.0,0.09
511,3.0,2.0,30.0,0.75,1.0,0.7
512,3.0,2.0,30.0,0.75,2.0,1.17
513,3.0,2.0,40.0,0.25,0.0,1.97
514,3.0,2.0,40.0,0.25,1.0,1.83
515,3.0,2.0,40.0,0.25,2.0,1.63
516,3.0,2.0,40.0,0.5,0.0,0.99
517,3.0,2.0,40.0,0.5,1.0,2.54
518,3.0,2.0,40.0,0.5,2.0,1.41
519,3.0,2.0,40.0,0.75,0.0,1.67
520,3.0,2.0,40.0,0.75,1.0,2.35
521,3.0,2.0,40.0,0.75,2.0,1.96
522,3.0,2.0,50.0,0.25,0.0,1.89
523,3.0,2.0,50.0,0.25,1.0,3.29
524,3.0,2.0,50.0,0.25,2.0,1.72
525,3.0,2.0,50.0,0.5,0.0,2.4
526,3.0,2.0,50.0,0.5,1.0,2.76
527,3.0,2.0,50.0,0.5,2.0,2.61
528,3.0,2.0,50.0,0.75,0.0,2.68
529,3.0,2.0,50.0,0.75,1.0,2.35
530,3.0,2.0,50.0,0.75,2.0,2.56
531,3.0,2.0,60.0,0.25,0.0,3.57
532,3.0,2.0,60.0,0.25,1.0,3.38
533,3.0,2.0,60.0,0.25,2.0,2.24
534,3.0,2.0,60.0,0.5,0.0,2.58
535,3.0,2.0,60.0,0.5,1.0,2.95
536,3.0,2.0,60.0,0.5,2.0,1.96
537,3.0,2.0,60.0,0.75,0.0,3.27
538,3.0,2.0,60.0,0.75,1.0,1.94
539,3.0,2.0,60.0,0.75,2.0,2.43
540,3.0,2.0,70.0,0.25,0.0,4.25
541,3.0,2.0,70.0,0.25,1.0,3.36
542,3.0,2.0,70.0,0.25,2.0,4.34
543,3.0,2.0,70.0,0.5,0.0,3.44
544,3.0,2.0,70.0,0.5,1.0,4.66
545,3.0,2.0,70.0,0.5,2.0,3.08
546,3.0,2.0,70.0,0.75,0.0,2.39
547,3.0,2.0,70.0,0.75,1.0,4.56
548,3.0,2.0,70.0,0.75,2.0,3.87
549,3.0,2.0,80.0,0.25,0.0,4.27
550,3.0,2.0,80.0,0.25,1.0,4.68
551,3.0,2.0,80.0,0.25,2.0,4.57
552,3.0,2.0,80.0,0.5,0.0,4.38
553,3.0,2.0,80.0,0.5,1.0,5.15
554,3.0,2.0,80.0,0.5,2.0,4.38
555,3.0,2.0,80.0,0.75,0.0,4.79
556,3.0,2.0,80.0,0.75,1.0,4.41
557,3.0,2.0,80.0,0.75,2.0,4.52
558,3.0,2.0,90.0,0.25,0.0,5.21
559,3.0,2.0,90.0,0.25,1.0,5.92
560,3.0,2.0,90.0,0.25,2.0,5.32
561,3.0,2.0,90.0,0.5,0.0,5.24
562,3.0,2.0,90.0,0.5,1.0,5.66
563,3.0,2.0,90.0,0.5,2.0,4.9
564,3.0,2.0,90.0,0.75,0.0,5.41
565,3.0,2.0,90.0,0.75,1.0,4.81
566,3.0,2.0,90.0,0.75,2.0,5.69
567,3.0,5.0,10.0,0.25,0.0,-1.51
568,3.0,5.0,10.0,0.25,1.0,-1.01
569,3.0,5.0,10.0,0.25,2.0,-0.88
570,3.0,5.0,10.0,0.5,0.0,-0.41
571,3.0,5.0,10.0,0.5,1.0,-1.76
572,3.0,5.0,10.0,0.5,2.0,-1.45
573,3.0,5.0,10.0,0.75,0.0,-1.34
574,3.0,5.0,10.0,0.75,1.0,-1.77
575,3.0,5.0,10.0,0.75,2.0,0.06
576,3.0,5.0,20.0,0.25,0.0,-0.98
577,3.0,5.0,20.0,0.25,1.0,-0.36
578,3.0,5.0,20.0,0.25,2.0,-0.27
579,3.0,5.0,20.0,0.5,0.0,0.22
580,3.0,5.0,20.0,0.5,1.0,-0.79
581,3.0,5.0,20.0,0.5,2.0,-1.63
582,3.0,5.0,20.0,0.75,0.0,-0.84
583,3.0,5.0,20.0,0.75,1.0,-0.91
584,3.0,5.0,20.0,0.75,2.0,0.32
585,3.0,5.0,30.0,0.25,0.0,1.8
586,3.0,5.0,30.0,0.25,1.0,-0.54
587,3.0,5.0,30.0,0.25,2.0,-0.24
588,3.0,5.0,30.0,0.5,0.0,0.69
589,3.0,5.0,30.0,0.5,1.0,0.36
590,3.0,5.0,30.0,0.5,2.0,0.23
591,3.0,5.0,30.0,0.75,0.0,0.19
592,3.0,5.0,30.0,0.75,1.0,0.77
593,3.0,5.0,30.0,0.75,2.0,0.33
594,3.0,5.0,40.0,0.25,0.0,0.82
595,3.0,5.0,40.0,0.25,1.0,0.23
596,3.0,5.0,40.0,0.25,2.0,0.23
597,3.0,5.0,40.0,0.5,0.0,1.42
598,3.0,5.0,40.0,0.5,1.0,1.17
599,3.0,5.0,40.0,0.5,2.0,0.47
600,3.0,5.0,40.0,0.75,0.0,1.91
601,3.0,5.0,40.0,0.75,1.0,0.7
602,3.0,5.0,40.0,0.75,2.0,2.38
603,3.0,5.0,50.0,0.25,0.0,1.06
604,3.0,5.0,50.0,0.25,1.0,1.21
605,3.0,5.0,50.0,0.25,2.0,1.21
606,3.0,5.0,50.0,0.5,0.0,1.41
607,3.0,5.0,50.0,0.5,1.0,2.07
608,3.0,5.0,50.0,0.5,2.0,0.84
609,3.0,5.0,50.0,0.75,0.0,2.69
610,3.0,5.0,50.0,0.75,1.0,1.78
611,3.0,5.0,50.0,0.75,2.0,1.82
612,3.0,5.0,60.0,0.25,0.0,2.79
613,3.0,5.0,60.0,0.25,1.0,2.0
614,3.0,5.0,60.0,0.25,2.0,2.0
615,3.0,5.0,60.0,0.5,0.0,2.44
616,3.0,5.0,60.0,0.5,1.0,2.68
617,3.0,5.0,60.0,0.5,2.0,2.66
618,3.0,5.0,60.0,0.75,0.0,2.37
619,3.0,5.0,60.0,0.75,1.0,2.2
620,3.0,5.0,60.0,0.75,2.0,2.61
621,3.0,5.0,70.0,0.25,0.0,3.31
622,3.0,5.0,70.0,0.25,1.0,3.65
623,3.0,5.0,70.0,0.25,2.0,3.07
624,3.0,5.0,70.0,0.5,0.0,3.28
625,3.0,5.0,70.0,0.5,1.0,2.98
626,3.0,5.0,70.0,0.5,2.0,2.0
627,3.0,5.0,70.0,0.75,0.0,2.96
628,3.0,5.0,70.0,0.75,1.0,2.33
629,3.0,5.0,70.0,0.75,2.0,2.93
630,3.0,5.0,80.0,0.25,0.0,4.52
631,3.0,5.0,80.0,0.25,1.0,4.84
632,3.0,5.0,80.0,0.25,2.0,3.35
633,3.0,5.0,80.0,0.5,0.0,4.63
634,3.0,5.0,80.0,0.5,1.0,4.32
635,3.0,5.0,80.0,0.5,2.0,3.31
636,3.0,5.0,80.0,0.75,0.0,4.04
637,3.0,5.0,80.0,0.75,1.0,4.3
638,3.0,5.0,80.0,0.75,2.0,3.4
639,3.0,5.0,90.0,0.25,0.0,4.98
640,3.0,5.0,90.0,0.25,1.0,5.28
641,3.0,5.0,90.0,0.25,2.0,4.39
642,3.0,5.0,90.0,0.5,0.0,5.08
643,3.0,5.0,90.0,0.5,1.0,5.18
644,3.0,5.0,90.0,0.5,2.0,4.57
645,3.0,5.0,90.0,0.75,0.0,4.67
646,3.0,5.0,90.0,0.75,1.0,4.8
647,3.0,5.0,90.0,0.75,2.0,3.35
648,3.0,10.0,10.0,0.25,0.0,-1.22
649,3.0,10.0,10.0,0.25,1.0,-0.7
650,3.0,10.0,10.0,0.25,2.0,-1.06
651,3.0,10.0,10.0,0.5,0.0,-2.07
652,3.0,10.0,10.0,0.5,1.0,-2.61
653,3.0,10.0,10.0,0.5,2.0,-3.3
654,3.0,10.0,10.0,0.75,0.0,-0.91
655,3.0,10.0,10.0,0.75,1.0,-2.44
656,3.0,10.0,10.0,0.75,2.0,-1.3
657,3.0,10.0,20.0,0.25,0.0,-1.09
658,3.0,10.0,20.0,0.25,1.0,-0.95
659,3.0,10.0,20.0,0.25,2.0,-1.4
660,3.0,10.0,20.0,0.5,0.0,-0.94
661,3.0,10.0,20.0,0.5,1.0,-1.17
662,3.0,10.0,20.0,0.5,2.0,-0.69
663,3.0,10.0,20.0,0.75,0.0,-1.16
664,3.0,10.0,20.0,0.75,1.0,-0.82
665,3.0,10.0,20.0,0.75,2.0,-0.42
666,3.0,10.0,30.0,0.25,0.0,-1.11
667,3.0,10.0,30.0,0.25,1.0,0.57
668,3.0,10.0,30.0,0.25,2.0,-1.96
669,3.0,10.0,30.0,0.5,0.0,-0.43
670,3.0,10.0,30.0,0.5,1.0,-0.24
671,3.0,10.0,30.0,0.5,2.0,-1.22
672,3.0,10.0,30.0,0.75,0.0,-0.67
673,3.0,10.0,30.0,0.75,1.0,-1.16
674,3.0,10.0,30.0,0.75,2.0,-0.33
675,3.0,10.0,40.0,0.25,0.0,0.24
676,3.0,10.0,40.0,0.25,1.0,0.82
677,3.0,10.0,40.0,0.25,2.0,-0.94
678,3.0,10.0,40.0,0.5,0.0,0.81
679,3.0,10.0,40.0,0.5,1.0,0.47
680,3.0,10.0,40.0,0.5,2.0,-1.12
681,3.0,10.0,40.0,0.75,0.0,0.63
682,3.0,10.0,40.0,0.75,1.0,-0.2
683,3.0,10.0,40.0,0.75,2.0,-0.04
684,3.0,10.0,50.0,0.25,0.0,1.47
685,3.0,10.0,50.0,0.25,1.0,0.41
686,3.0,10.0,50.0,0.25,2.0,0.98
687,3.0,10.0,50.0,0.5,0.0,0.76
688,3.0,10.0,50.0,0.5,1.0,0.81
689,3.0,10.0,50.0,0.5,2.0,1.31
690,3.0,10.0,50.0,0.75,0.0,2.14
691,3.0,10.0,50.0,0.75,1.0,0.97
692,3.0,10.0,50.0,0.75,2.0,0.33
693,3.0,10.0,60.0,0.25,0.0,1.26
694,3.0,10.0,60.0,0.25,1.0,-0.31
695,3.0,10.0,60.0,0.25,2.0,1.12
696,3.0,10.0,60.0,0.5,0.0,0.32
697,3.0,10.0,60.0,0.5,1.0,1.23
698,3.0,10.0,60.0,0.5,2.0,2.47
699,3.0,10.0,60.0,0.75,0.0,1.26
700,3.0,10.0,60.0,0.75,1.0,0.69
701,3.0,10.0,60.0,0.75,2.0,2.14
702,3.0,10.0,70.0,0.25,0.0,3.05
703,3.0,10.0,70.0,0.25,1.0,2.54
704,3.0,10.0,70.0,0.25,2.0,2.85
705,3.0,10.0,70.0,0.5,0.0,2.88
706,3.0,10.0,70.0,0.5,1.0,3.01
707,3.0,10.0,70.0,0.5,2.0,2.94
708,3.0,10.0,70.0,0.75,0.0,2.45
709,3.0,10.0,70.0,0.75,1.0,2.62
710,3.0,10.0,70.0,0.75,2.0,1.72
711,3.0,10.0,80.0,0.25,0.0,3.28
712,3.0,10.0,80.0,0.25,1.0,3.68
713,3.0,10.0,80.0,0.25,2.0,3.5
714,3.0,10.0,80.0,0.5,0.0,3.87
715,3.0,10.0,80.0,0.5,1.0,3.63
716,3.0,10.0,80.0,0.5,2.0,2.56
717,3.0,10.0,80.0,0.75,0.0,3.8
718,3.0,10.0,80.0,0.75,1.0,3.36
719,3.0,10.0,80.0,0.75,2.0,2.84
720,3.0,10.0,90.0,0.25,0.0,3.91
721,3.0,10.0,90.0,0.25,1.0,4.27
722,3.0,10.0,90.0,0.25,2.0,2.74
723,3.0,10.0,90.0,0.5,0.0,4.52
724,3.0,10.0,90.0,0.5,1.0,4.32
725,3.0,10.0,90.0,0.5,2.0,2.6
726,3.0,10.0,90.0,0.75,0.0,3.63
727,3.0,10.0,90.0,0.75,1.0,3.57
728,3.0,10.0,90.0,0.75,2.0,3.57
729,4.0,2.0,10.0,0.25,0.0,-3.73
730,4.0,2.0,10.0,0.25,1.0,-3.38
731,4.0,2.0,10.0,0.25,2.0,-2.75
732,4.0,2.0,10.0,0.5,0.0,-1.66
733,4.0,2.0,10.0,0.5,1.0,-3.63
734,4.0,2.0,10.0,0.5,2.0,-2.42
735,4.0,2.0,10.0,0.75,0.0,-2.5
736,4.0,2.0,10.0,0.75,1.0,-1.93
737,4.0,2.0,10.0,0.75,2.0,-3.27
738,4.0,2.0,20.0,0.25,0.0,-1.88
739,4.0,2.0,20.0,0.25,1.0,-3.06
740,4.0,2.0,20.0,0.25,2.0,-2.99
741,4.0,2.0,20.0,0.5,0.0,-1.51
742,4.0,2.0,20.0,0.5,1.0,-2.59
743,4.0,2.0,20.0,0.5,2.0,-1.64
744,4.0,2.0,20.0,0.75,0.0,-1.8
745,4.0,2.0,20.0,0.75,1.0,-2.95
746,4.0,2.0,20.0,0.75,2.0,-2.57
747,4.0,2.0,30.0,0.25,0.0,-1.66
748,4.0,2.0,30.0,0.25,1.0,-1.73
749,4.0,2.0,30.0,0.25,2.0,-1.54
750,4.0,2.0,30.0,0.5,0.0,-0.87
751,4.0,2.0,30.0,0.5,1.0,-1.17
752,4.0,2.0,30.0,0.5,2.0,-1.59
753,4.0,2.0,30.0,0.75,0.0,-1.57
754,4.0,2.0,30.0,0.75,1.0,0.3
755,4.0,2.0,30.0,0.75,2.0,-0.75
756,4.0,2.0,40.0,0.25,0.0,-0.75
757,4.0,2.0,40.0,0.25,1.0,-1.09
758,4.0,2.0,40.0,0.25,2.0,-0.74
759,4.0,2.0,40.0,0.5,0.0,-0.71
760,4.0,2.0,40.0,0.5,1.0,-1.21
761,4.0,2.0,40.0,0.5,2.0,0.55
762,4.0,2.0,40.0,0.75,0.0,-0.97
763,4.0,2.0,40.0,0.75,1.0,-0.51
764,4.0,2.0,40.0,0.75,2.0,-0.37
765,4.0,2.0,50.0,0.25,0.0,0.42
766,4.0,2.0,50.0,0.25,1.0,-0.55
767,4.0,2.0,50.0,0.25,2.0,2.24
768,4.0,2.0,50.0,0.5,0.0,0.21
769,4.0,2.0,50.0,0.5,1.0,0.76
770,4.0,2.0,50.0,0.5,2.0,0.0
771,4.0,2.0,50.0,0.75,0.0,0.94
772,4.0,2.0,50.0,0.75,1.0,2.18
773,4.0,2.0,50.0,0.75,2.0,1.3
774,4.0,2.0,60.0,0.25,0.0,1.42
775,4.0,2.0,60.0,0.25,1.0,2.51
776,4.0,2.0,60.0,0.25,2.0,1.12
777,4.0,2.0,60.0,0.5,0.0,1.02
778,4.0,2.0,60.0,0.5,1.0,1.76
779,4.0,2.0,60.0,0.5,2.0,1.86
780,4.0,2.0,60.0,0.75,0.0,1.59
781,4.0,2.0,60.0,0.75,1.0,1.27
782,4.0,2.0,60.0,0.75,2.0,0.56
783,4.0,2.0,70.0,0.25,0.0,2.61
784,4.0,2.0,70.0,0.25,1.0,1.97
785,4.0,2.0,70.0,0.25,2.0,2.43
786,4.0,2.0,70.0,0.5,0.0,1.06
787,4.0,2.0,70.0,0.5,1.0,1.46
788,4.0,2.0,70.0,0.5,2.0,2.75
789,4.0,2.0,70.0,0.75,0.0,2.66
790,4.0,2.0,70.0,0.75,1.0,2.41
791,4.0,2.0,70.0,0.75,2.0,2.34
792,4.0,2.0,80.0,0.25,0.0,2.38
793,4.0,2.0,80.0,0.25,1.0,3.03
794,4.0,2.0,80.0,0.25,2.0,2.94
795,4.0,2.0,80.0,0.5,0.0,2.94
796,4.0,2.0,80.0,0.5,1.0,3.45
797,4.0,2.0,80.0,0.5,2.0,1.82
798,4.0,2.0,80.0,0.75,0.0,2.0
799,4.0,2.0,80.0,0.75,1.0,2.78
800,4.0,2.0,80.0,0.75,2.0,3.36
801,4.0,2.0,90.0,0.25,0.0,3.37
802,4.0,2.0,90.0,0.25,1.0,3.95
803,4.0,2.0,90.0,0.25,2.0,3.26
804,4.0,2.0,90.0,0.5,0.0,2.62
805,4.0,2.0,90.0,0.5,1.0,3.21
806,4.0,2.0,90.0,0.5,2.0,3.44
807,4.0,2.0,90.0,0.75,0.0,3.81
808,4.0,2.0,90.0,0.75,1.0,4.02
809,4.0,2.0,90.0,0.75,2.0,3.03
810,4.0,5.0,10.0,0.25,0.0,-3.29
811,4.0,5.0,10.0,0.25,1.0,-2.81
812,4.0,5.0,10.0,0.25,2.0,-3.5
813,4.0,5.0,10.0,0.5,0.0,-2.52
814,4.0,5.0,10.0,0.5,1.0,-2.33
815,4.0,5.0,10.0,0.5,2.0,-2.8
816,4.0,5.0,10.0,0.75,0.0,-3.4
817,4.0,5.0,10.0,0.75,1.0,-3.22
818,4.0,5.0,10.0,0.75,2.0,-2.14
819,4.0,5.0,20.0,0.25,0.0,-2.6
820,4.0,5.0,20.0,0.25,1.0,-2.87
821,4.0,5.0,20.0,0.25,2.0,-2.61
822,4.0,5.0,20.0,0.5,0.0,-2.28
823,4.0,5.0,20.0,0.5,1.0,-2.7
824,4.0,5.0,20.0,0.5,2.0,-2.38
825,4.0,5.0,20.0,0.75,0.0,-1.63
826,4.0,5.0,20.0,0.75,1.0,-1.4
827,4.0,5.0,20.0,0.75,2.0,-1.12
828,4.0,5.0,30.0,0.25,0.0,-1.53
829,4.0,5.0,30.0,0.25,1.0,-2.18
830,4.0,5.0,30.0,0.25,2.0,-1.82
831,4.0,5.0,30.0,0.5,0.0,-2.46
832,4.0,5.0,30.0,0.5,1.0,-2.46
833,4.0,5.0,30.0,0.5,2.0,-1.77
834,4.0,5.0,30.0,0.75,0.0,-1.11
835,4.0,5.0,30.0,0.75,1.0,-1.51
836,4.0,5.0,30.0,0.75,2.0,-1.58
837,4.0,5.0,40.0,0.25,0.0,0.19
838,4.0,5.0,40.0,0.25,1.0,-1.63
839,4.0,5.0,40.0,0.25,2.0,-0.61
840,4.0,5.0,40.0,0.5,0.0,-0.36
841,4.0,5.0,40.0,0.5,1.0,-1.15
842,4.0,5.0,40.0,0.5,2.0,-1.74
843,4.0,5.0,40.0,0.75,0.0,-1.14
844,4.0,5.0,40.0,0.75,1.0,-1.61
845,4.0,5.0,40.0,0.75,2.0,-0.33
846,4.0,5.0,50.0,0.25,0.0,-0.71
847,4.0,5.0,50.0,0.25,1.0,0.16
848,4.0,5.0,50.0,0.25,2.0,-0.7
849,4.0,5.0,50.0,0.5,0.0,-0.21
850,4.0,5.0,50.0,0.5,1.0,0.36
851,4.0,5.0,50.0,0.5,2.0,-0.37
852,4.0,5.0,50.0,0.75,0.0,0.27
853,4.0,5.0,50.0,0.75,1.0,-0.66
854,4.0,5.0,50.0,0.75,2.0,-0.56
855,4.0,5.0,60.0,0.25,0.0,-2.21
856,4.0,5.0,60.0,0.25,1.0,0.82
857,4.0,5.0,60.0,0.25,2.0,0.05
858,4.0,5.0,60.0,0.5,0.0,-1.8
859,4.0,5.0,60.0,0.5,1.0,1.11
860,4.0,5.0,60.0,0.5,2.0,-0.98
861,4.0,5.0,60.0,0.75,0.0,-2.83
862,4.0,5.0,60.0,0.75,1.0,0.55
863,4.0,5.0,60.0,0.75,2.0,-0.09
864,4.0,5.0,70.0,0.25,0.0,3.0
865,4.0,5.0,70.0,0.25,1.0,1.71
866,4.0,5.0,70.0,0.25,2.0,1.86
867,4.0,5.0,70.0,0.5,0.0,3.0
868,4.0,5.0,70.0,0.5,1.0,1.81
869,4.0,5.0,70.0,0.5,2.0,1.82
870,4.0,5.0,70.0,0.75,0.0,3.0
871,4.0,5.0,70.0,0.75,1.0,0.85
872,4.0,5.0,70.0,0.75,2.0,0.89
873,4.0,5.0,80.0,0.25,0.0,3.0
874,4.0,5.0,80.0,0.25,1.0,2.79
875,4.0,5.0,80.0,0.25,2.0,2.28
876,4.0,5.0,80.0,0.5,0.0,3.0
877,4.0,5.0,80.0,0.5,1.0,1.62
878,4.0,5.0,80.0,0.5,2.0,2.1
879,4.0,5.0,80.0,0.75,0.0,3.0
880,4.0,5.0,80.0,0.75,1.0,2.54
881,4.0,5.0,80.0,0.75,2.0,2.1
882,4.0,5.0,90.0,0.25,0.0,3.0
883,4.0,5.0,90.0,0.25,1.0,3.28
884,4.0,5.0,90.0,0.25,2.0,2.1
885,4.0,5.0,90.0,0.5,0.0,3.0
886,4.0,5.0,90.0,0.5,1.0,2.38
887,4.0,5.0,90.0,0.5,2.0,2.84
888,4.0,5.0,90.0,0.75,0.0,3.0
889,4.0,5.0,90.0,0.75,1.0,1.51
890,4.0,5.0,90.0,0.75,2.0,2.51
891,4.0,10.0,10.0,0.25,0.0,-2.47
892,4.0,10.0,10.0,0.25,1.0,-2.54
893,4.0,10.0,10.0,0.25,2.0,-2.47
894,4.0,10.0,10.0,0.5,0.0,-2.61
895,4.0,10.0,10.0,0.5,1.0,-2.9
896,4.0,10.0,10.0,0.5,2.0,-3.41
897,4.0,10.0,10.0,0.75,0.0,-3.39
898,4.0,10.0,10.0,0.75,1.0,-0.86
899,4.0,10.0,10.0,0.75,2.0,-2.89
900,4.0,10.0,20.0,0.25,0.0,-2.96
901,4.0,10.0,20.0,0.25,1.0,-2.05
902,4.0,10.0,20.0,0.25,2.0,-1.49
903,4.0,10.0,20.0,0.5,0.0,-0.89
904,4.0,10.0,20.0,0.5,1.0,-2.66
905,4.0,10.0,20.0,0.5,2.0,-1.91
906,4.0,10.0,20.0,0.75,0.0,-2.35
907,4.0,10.0,20.0,0.75,1.0,-3.28
908,4.0,10.0,20.0,0.75,2.0,-2.65
909,4.0,10.0,30.0,0.25,0.0,-1.03
910,4.0,10.0,30.0,0.25,1.0,-1.48
911,4.0,10.0,30.0,0.25,2.0,-1.87
912,4.0,10.0,30.0,0.5,0.0,-1.06
913,4.0,10.0,30.0,0.5,1.0,-1.66
914,4.0,10.0,30.0,0.5,2.0,-1.17
915,4.0,10.0,30.0,0.75,0.0,-2.45
916,4.0,10.0,30.0,0.75,1.0,-2.03
917,4.0,10.0,30.0,0.75,2.0,-2.19
918,4.0,10.0,40.0,0.25,0.0,-0.54
919,4.0,10.0,40.0,0.25,1.0,-0.69
920,4.0,10.0,40.0,0.25,2.0,-0.99
921,4.0,10.0,40.0,0.5,0.0,-0.61
922,4.0,10.0,40.0,0.5,1.0,-0.64
923,4.0,10.0,40.0,0.5,2.0,-0.66
924,4.0,10.0,40.0,0.75,0.0,-1.58
925,4.0,10.0,40.0,0.75,1.0,-0.86
926,4.0,10.0,40.0,0.75,2.0,0.13
927,4.0,10.0,50.0,0.25,0.0,-0.12
928,4.0,10.0,50.0,0.25,1.0,0.75
929,4.0,10.0,50.0,0.25,2.0,-0.37
930,4.0,10.0,50.0,0.5,0.0,-0.86
931,4.0,10.0,50.0,0.5,1.0,-0.73
932,4.0,10.0,50.0,0.5,2.0,-1.73
933,4.0,10.0,50.0,0.75,0.0,-0.2
934,4.0,10.0,50.0,0.75,1.0,0.07
935,4.0,10.0,50.0,0.75,2.0,-0.51
936,4.0,10.0,60.0,0.25,0.0,-1.6
937,4.0,10.0,60.0,0.25,1.0,-1.45
938,4.0,10.0,60.0,0.25,2.0,-0.98
939,4.0,10.0,60.0,0.5,0.0,-2.1
940,4.0,10.0,60.0,0.5,1.0,-2.03
941,4.0,10.0,60.0,0.5,2.0,0.19
942,4.0,10.0,60.0,0.75,0.0,-2.2
943,4.0,10.0,60.0,0.75,1.0,-2.57
944,4.0,10.0,60.0,0.75,2.0,0.1
945,4.0,10.0,70.0,0.25,0.0,3.0
946,4.0,10.0,70.0,0.25,1.0,3.0
947,4.0,10.0,70.0,0.25,2.0,-0.84
948,4.0,10.0,70.0,0.5,0.0,3.0
949,4.0,10.0,70.0,0.5,1.0,3.0
950,4.0,10.0,70.0,0.5,2.0,-0.19
951,4.0,10.0,70.0,0.75,0.0,3.0
952,4.0,10.0,70.0,0.75,1.0,3.0
953,4.0,10.0,70.0,0.75,2.0,0.1
954,4.0,10.0,80.0,0.25,0.0,3.0
955,4.0,10.0,80.0,0.25,1.0,3.0
956,4.0,10.0,80.0,0.25,2.0,0.42
957,4.0,10.0,80.0,0.5,0.0,3.0
958,4.0,10.0,80.0,0.5,1.0,3.0
959,4.0,10.0,80.0,0.5,2.0,2.05
960,4.0,10.0,80.0,0.75,0.0,3.0
961,4.0,10.0,80.0,0.75,1.0,3.0
962,4.0,10.0,80.0,0.75,2.0,0.23
963,4.0,10.0,90.0,0.25,0.0,3.0
964,4.0,10.0,90.0,0.25,1.0,3.0
965,4.0,10.0,90.0,0.25,2.0,1.9
966,4.0,10.0,90.0,0.5,0.0,3.0
967,4.0,10.0,90.0,0.5,1.0,3.0
968,4.0,10.0,90.0,0.5,2.0,1.9
969,4.0,10.0,90.0,0.75,0.0,3.0
970,4.0,10.0,90.0,0.75,1.0,3.0
971,4.0,10.0,90.0,0.75,2.0,0.26
